index,Customer_id,Name,Surname,country,Gender,Age,Date Registered Online
0,334708301,Bradley,Nguyen,United Kingdom,male,50,9/5/2012 0:00
1,389480478,Bradley,Talbott,United Kingdom,male,61,8/2/2012 0:00
2,330461776,Brenda,Bowman,Portugal,male,37,5/27/2012 0:00
3,243694808,Brendan,Dodson,United Kingdom,male,33,5/13/2011 0:00
4,386215654,Brendan,Murry,France,male,47,4/26/2014 0:00
5,123849117,Brendan,Sweed,Ireland,male,48,4/11/2011 0:00
6,243783634,Brian,Dahlen,Spain,male,41,6/17/2012 0:00
7,245169051,Brian,DeCherney,Italy,male,30,7/28/2012 0:00
8,116647086,Brian,Derr,United Kingdom,male,44,2/2/2012 0:00
9,346199714,,,United Kingdom,male,36,8/4/2011 0:00
10,154412536,Brian,Stugart,Sweden,male,42,3/4/2012 0:00
11,234666672,Brian,Thompson,United Kingdom,male,27,11/10/2011 0:00
12,110268416,Brooke,Gillingham,Netherlands,female,34,11/18/2013 0:00
13,176491216,Brosina,Hoffman,Sweden,female,40,7/21/2012 0:00
14,323589990,Bruce,Degenhardt,United Kingdom,male,49,3/18/2011 0:00
15,295925472,Bruce,Geld,United Kingdom,male,27,7/9/2013 0:00
16,194036288,Bruce,Stewart,United Kingdom,male,46,10/4/2011 0:00
17,200266018,Bryan,Davis,Ireland,male,64,7/13/2011 0:00
18,210865727,Bryan,Mills,Germany,male,64,8/9/2011 0:00
19,302876692,Bryan,Spruell,United Kingdom,male,55,5/21/2012 0:00
20,154958269,Candace,McMahon,Spain,female,76,2/9/2011 0:00
21,300508040,Cari,MacIntyre,United Kingdom,female,73,8/30/2011 0:00
22,236729694,Cari,Sayre,Sweden,female,21,8/16/2012 0:00
23,218440928,Cari,Schnelling,United Kingdom,female,19,4/28/2011 0:00
24,303559092,Carl,Jackson,United Kingdom,male,26,4/17/2012 0:00
25,311179581,Carl,Ludwig,Spain,male,61,5/21/2011 0:00
26,208620463,Carl,Weiss,United Kingdom,male,42,6/24/2012 0:00
27,345727781,Carlos,Daly,Spain,male,52,11/20/2011 0:00
28,373816989,Carlos,Meador,Spain,male,67,3/11/2013 0:00
29,161729251,Carlos,Soltero,Sweden,female,32,12/17/2011 0:00
30,235053871,Carol,Adams,United Kingdom,female,19,1/4/2012 0:00
31,103604244,Carol,Darley,United Kingdom,female,33,2/11/2011 0:00
32,192604601,Carol,Triggs,United Kingdom,female,70,3/31/2011 0:00
33,235964517,Caroline,Jumper,Sweden,female,19,7/12/2011 0:00
34,280018301,Cassandra,Brandow,Italy,female,32,8/15/2011 0:00
35,366376914,Catherine,Glotzbach,Spain,female,42,12/1/2011 0:00
36,230798080,Cathy,Armstrong,Spain,female,37,6/10/2012 0:00
37,243703452,Cathy,Hwang,United Kingdom,female,31,9/1/2011 0:00
38,116926673,Cathy,Prescott,Sweden,female,53,3/24/2012 0:00
39,334156105,Chad,Cunningham,Norway,male,62,10/23/2011 0:00
40,216353239,Chad,McGuire,Switzerland,male,46,1/6/2011 0:00
41,127732979,Chad,Sievert,Germany,male,62,6/10/2011 0:00
42,177434724,Charles,Crestani,United Kingdom,male,57,1/13/2012 0:00
43,309646038,Charles,McCrossin,United Kingdom,male,67,5/1/2013 0:00
44,131313920,Charles,Sheldon,United Kingdom,male,66,7/16/2013 0:00
45,380793595,Charlotte,Melton,United Kingdom,female,47,11/22/2011 0:00
46,136541967,Chloris,Kastensmidt,United Kingdom,female,48,8/7/2011 0:00
47,307161150,Chris,Cortes,United Kingdom,male,55,8/12/2011 0:00
48,271836433,Chris,McAfee,Spain,male,39,1/26/2011 0:00
49,101412042,Chris,Selesnick,United Kingdom,female,68,2/17/2011 0:00
50,125538462,Christina,Anderson,United Kingdom,female,36,8/28/2011 0:00
51,205795833,Christina,DeMoss,France,female,53,3/22/2012 0:00
52,228298483,Christina,VanderZanden,United Kingdom,female,62,1/28/2013 0:00
53,344287889,Christine,Abelman,United Kingdom,female,49,1/26/2012 0:00
54,259157046,Christine,Kargatis,United Kingdom,female,40,7/1/2011 0:00
55,120289646,Christine,Phan,United Kingdom,female,44,3/4/2013 0:00
56,231194797,Christine,Sundaresam,United Kingdom,female,56,11/29/2013 0:00
57,332528773,Christopher,Conant,United Kingdom,male,30,12/22/2011 0:00
58,352739256,Christopher,Martinez,Portugal,male,28,1/30/2011 0:00
59,118095264,Christopher,Schild,United Kingdom,male,33,4/1/2013 0:00
60,323430103,Christy,Brittain,United Kingdom,female,59,6/8/2011 0:00
61,291264438,Chuck,Clark,France,male,53,1/19/2013 0:00
62,295659073,Chuck,Magee,United Kingdom,male,50,3/21/2012 0:00
63,373531684,Chuck,Sachs,United Kingdom,male,33,3/15/2012 0:00
64,148343154,Cindy,Chapman,United Kingdom,female,41,1/26/2013 0:00
65,259278890,Cindy,Schnelling,United Kingdom,female,61,3/3/2011 0:00
66,141756483,Cindy,Stewart,France,female,44,8/24/2012 0:00
67,239295010,Claire,Gute,United Kingdom,female,40,6/30/2011 0:00
68,241701230,Claudia,Bergmann,United Kingdom,female,28,6/16/2012 0:00
69,314052753,Clay,Cheatham,United Kingdom,male,47,4/25/2011 0:00
70,140733991,Clay,Ludtke,United Kingdom,male,32,1/3/2011 0:00
71,329117304,Clay,Rozendal,United Kingdom,male,63,1/16/2013 0:00
72,178226274,Clytie,Kelty,United Kingdom,female,30,6/21/2011 0:00
73,194657142,Corey,Catlett,United Kingdom,male,60,7/6/2011 0:00
74,337913184,Corey,Roper,United Kingdom,male,60,7/2/2011 0:00
75,391945155,Corey,Lock,United Kingdom,male,32,8/1/2011 0:00
76,397210130,Corinna,Mitchell,Sweden,female,54,10/16/2011 0:00
77,152093473,Craig,Carreira,Switzerland,male,39,8/11/2012 0:00
78,195183584,Craig,Carroll,United Kingdom,male,60,9/8/2011 0:00
79,283858641,,,United Kingdom,male,42,12/25/2011 0:00
80,190209387,Craig,Molinari,United Kingdom,male,60,5/28/2012 0:00
81,373418933,Craig,Reiter,United Kingdom,male,46,11/11/2012 0:00
82,351820494,Craig,Yedwab,Spain,male,42,8/21/2012 0:00
83,268340019,Cyma,Kinney,United Kingdom,male,40,5/13/2012 0:00
84,230837394,Cynthia,Arntzen,Germany,female,41,7/19/2013 0:00
85,246622865,Cynthia,Delaney,United Kingdom,female,48,9/1/2011 0:00
86,369596649,Cynthia,Voltz,United Kingdom,female,50,6/10/2011 0:00
87,319121164,Cyra,Reiten,Spain,female,68,3/5/2012 0:00
88,347631653,Damala,Kotsonis,United Kingdom,female,32,1/5/2013 0:00
89,304822153,,,Netherlands,male,55,4/20/2011 0:00
90,157716685,Dan,Reichenbach,Spain,male,30,4/11/2011 0:00
91,303834481,,,Sweden,female,57,5/10/2011 0:00
92,221682755,Daniel,Byrd,United Kingdom,male,49,8/28/2011 0:00
93,340425071,Daniel,Lacy,Germany,male,52,2/4/2011 0:00
94,341075326,,,United Kingdom,male,66,6/17/2011 0:00
95,265941062,Dario,Medina,United Kingdom,male,63,7/11/2011 0:00
96,216116823,Darren,Budd,United Kingdom,male,30,3/2/2011 0:00
97,166787537,Darren,Koutras,United Kingdom,male,39,1/8/2011 0:00
98,119607148,Darren,Powers,United Kingdom,male,39,12/20/2010 0:00
99,229821063,Darrin,Martin,Spain,male,54,3/12/2011 0:00
100,174280431,Darrin,Sayre,Netherlands,male,40,10/12/2011 0:00
101,186566232,Darrin,Van Huff,Spain,male,67,5/10/2012 0:00
102,192933328,Dave,Brooks,United Kingdom,male,47,8/26/2011 0:00
103,348084667,Dave,Hallsten,Italy,male,31,6/27/2014 0:00
104,172647196,Dave,Kipp,Spain,male,61,11/20/2013 0:00
105,369750901,Dave,Poirier,Italy,male,38,12/22/2010 0:00
106,192120826,David,Bremer,Spain,male,60,8/20/2012 0:00
107,368025469,David,Flashing,United Kingdom,male,55,11/1/2011 0:00
108,193109734,David,Kendrick,Sweden,male,47,4/14/2012 0:00
109,102841277,David,Philippe,United Kingdom,male,32,2/14/2011 0:00
110,361759343,David,Smith,United Kingdom,male,63,7/5/2012 0:00
111,350893556,David,Wiener,Germany,male,60,8/16/2014 0:00
112,180765755,Dean,Braden,United Kingdom,male,53,5/22/2011 0:00
113,245230286,,,United Kingdom,male,42,10/23/2011 0:00
114,193785882,Dean,percer,United Kingdom,male,40,9/11/2011 0:00
115,210882298,Deanra,Eno,Germany,female,60,12/30/2011 0:00
116,295523838,Deborah,Brumfield,Spain,female,66,3/18/2011 0:00
117,339023255,Debra,Catini,Germany,female,34,5/29/2011 0:00
118,232506375,Deirdre,Greer,Spain,female,64,9/18/2012 0:00
119,282110590,Delfina,Latchford,United Kingdom,female,49,6/19/2011 0:00
120,131513287,,,United Kingdom,female,33,4/11/2011 0:00
121,354117306,Denise,Monton,United Kingdom,female,54,8/22/2011 0:00
122,129429436,Dennis,Bolton,United Kingdom,male,61,1/24/2012 0:00
123,350791849,Dennis,Kane,United Kingdom,male,48,12/11/2011 0:00
124,356070124,Dennis,Pardue,Italy,male,999,5/15/2011 0:00
125,313480141,Denny,Blanton,United Kingdom,male,52,11/4/2011 0:00
126,200212223,Denny,Joy,Spain,male,62,4/25/2011 0:00
127,254145117,Denny,Ordway,Italy,male,65,7/26/2011 0:00
128,102113408,Dianna,Arnett,United Kingdom,female,50,4/30/2011 0:00
129,190154350,Dianna,Vittorini,United Kingdom,female,61,2/13/2012 0:00
130,162461184,Dianna,Wilson,United Kingdom,female,36,12/19/2011 0:00
131,197827987,Dionis,Lloyd,Spain,male,58,3/6/2012 0:00
132,242670802,Don,Jones,United Kingdom,male,52,1/6/2011 0:00
133,295389352,Don,Miller,Italy,male,60,3/27/2012 0:00
134,331492257,Don,Weiss,United Kingdom,male,50,12/13/2011 0:00
135,126236819,Dorothy,Badders,Germany,female,48,9/25/2014 0:00
136,320094645,Dorothy,Dickinson,United Kingdom,female,31,12/17/2010 0:00
137,317923706,Dorothy,Wardle,Italy,female,32,9/23/2012 0:00
138,197622646,,,United Kingdom,female,51,3/16/2011 0:00
139,235311696,Doug,Bickford,Germany,male,35,7/8/2011 0:00
140,216359100,Doug,Jacobs,United Kingdom,male,61,9/2/2011 0:00
141,109255582,Doug,O'Connell,United Kingdom,male,46,8/10/2011 0:00
142,359251917,Duane,Benoit,United Kingdom,male,50,9/8/2011 0:00
143,255624633,Duane,Huffman,United Kingdom,male,33,6/19/2014 0:00
144,163863842,Duane,Noonan,Spain,male,32,11/21/2011 0:00
145,129784576,Ed,Braxton,Sweden,male,62,1/23/2011 0:00
146,216244112,Ed,Jacobs,Norway,male,50,3/7/2011 0:00
147,131572732,Ed,Ludwig,United Kingdom,male,30,2/17/2011 0:00
148,302129987,Edward,Becker,Norway,male,43,9/4/2011 0:00
149,357138445,Edward,Hooks,Sweden,male,53,11/18/2011 0:00
150,236774279,Edward,Nazzal,France,male,39,2/23/2011 0:00
151,175098190,Eileen,Kiefer,United Kingdom,female,36,7/29/2012 0:00
152,118752623,Eleni,McCrary,Spain,female,55,8/24/2011 0:00
153,269198790,Elizabeth,Moffitt,United Kingdom,female,68,8/26/2012 0:00
154,347174149,Ellis,Ballard,United Kingdom,female,59,1/29/2011 0:00
155,110643100,Elpida,Rittenbach,United Kingdom,female,55,8/27/2011 0:00
156,229686658,Emily,Burns,Norway,female,62,10/2/2012 0:00
157,395062882,Emily,Ducich,United Kingdom,female,37,5/13/2011 0:00
158,175394352,Emily,Grady,United Kingdom,female,60,12/25/2011 0:00
159,228918995,Emily,Phan,Italy,female,46,7/17/2011 0:00
160,310596301,Eric,Barreto,United Kingdom,male,32,7/29/2012 0:00
161,344868902,Eric,Hoffmann,Italy,male,47,2/1/2014 0:00
162,286564019,Eric,Murdock,United Kingdom,male,51,12/31/2010 0:00
163,368200110,Erica,Bern,United Kingdom,female,49,5/11/2012 0:00
164,129493122,Erica,Hackney,Germany,female,50,3/3/2011 0:00
165,252645487,Erica,Hernandez,United Kingdom,female,38,5/13/2011 0:00
166,200586996,Erica,Smith,United Kingdom,female,33,8/2/2012 0:00
167,196558411,Erin,Ashbrook,United Kingdom,female,49,5/25/2013 0:00
168,266589018,Erin,Creighton,United Kingdom,female,39,12/16/2011 0:00
169,308555312,,,Spain,female,34,5/13/2013 0:00
170,182033735,Erin,Smith,United Kingdom,female,30,3/20/2012 0:00
171,391462492,Eudokia,Martin,United Kingdom,female,51,7/5/2011 0:00
172,283231466,Eugene,Barchas,United Kingdom,male,41,3/1/2011 0:00
173,169923937,Eugene,Hildebrand,United Kingdom,male,68,5/4/2011 0:00
174,332393051,,,United Kingdom,male,66,12/8/2010 0:00
175,371440982,Eva,Jacobs,United Kingdom,female,34,5/25/2011 0:00
176,309358954,Evan,Bailliet,Italy,male,54,12/21/2013 0:00
177,257143834,Evan,Henry,United Kingdom,male,48,1/16/2011 0:00
178,230566386,Evan,Minnotte,Germany,male,68,4/29/2011 0:00
179,351755260,Filia,McAdams,Spain,female,55,1/8/2011 0:00
180,216435259,Frank,Atkinson,United Kingdom,male,47,2/29/2012 0:00
181,360189812,Frank,Carlisle,United Kingdom,male,37,8/14/2011 0:00
182,115744578,Frank,Gastineau,France,male,54,2/6/2014 0:00
183,123691540,Frank,Hawley,United Kingdom,male,45,3/6/2012 0:00
184,247554465,Frank,Merwin,Sweden,male,60,7/12/2012 0:00
185,113782138,Frank,Olsen,Spain,male,48,6/2/2011 0:00
186,124918172,Frank,Preis,United Kingdom,male,31,5/17/2012 0:00
187,292621037,Fred,Chung,United Kingdom,male,53,8/13/2011 0:00
188,245300987,Fred,Harton,United Kingdom,male,54,9/5/2011 0:00
189,391841675,Fred,Hopkins,Norway,male,29,8/15/2011 0:00
190,381275291,Fred,McMath,United Kingdom,male,55,7/31/2012 0:00
191,228624894,Fred,Wasserman,Germany,male,51,1/19/2013 0:00
192,288310771,Gary,Hansen,United Kingdom,male,54,7/24/2011 0:00
193,378068988,Gary,Hwang,United Kingdom,male,44,7/16/2012 0:00
194,214629113,Gary,McGarr,Norway,male,29,12/20/2011 0:00
195,223268275,Gary,Mitchum,Spain,male,65,8/28/2013 0:00
196,150247255,Gary,Zandusky,Spain,male,65,1/23/2011 0:00
197,286314524,Gene,Hale,United Kingdom,male,64,5/1/2011 0:00
198,248314755,Gene,McClure,France,male,28,4/14/2012 0:00
199,226796757,George,Ashbrook,Switzerland,male,66,7/22/2011 0:00
200,165128114,George,Bell,Italy,male,61,1/19/2011 0:00
201,281749419,,,Germany,male,36,1/15/2012 0:00
202,183223591,Georgia,Rosenberg,Sweden,female,55,12/14/2011 0:00
203,303350190,Giulietta,Baptist,Netherlands,female,38,12/12/2011 0:00
204,255632269,Giulietta,Dortch,United Kingdom,female,48,2/20/2011 0:00
205,102917120,Giulietta,Weimer,United Kingdom,female,29,2/15/2013 0:00
206,352907291,Grace,Kelly,United Kingdom,female,36,5/30/2011 0:00
207,353702633,,,United Kingdom,male,56,12/22/2010 0:00
208,258505487,Greg,Guthrie,Germany,male,31,5/15/2012 0:00
209,372132617,Greg,Hansen,United Kingdom,male,47,6/16/2012 0:00
210,245884662,Greg,Matthias,Sweden,male,50,1/6/2011 0:00
211,251002705,Greg,Maxwell,United Kingdom,male,54,4/13/2011 0:00
212,144520670,Greg,Tran,United Kingdom,male,29,4/23/2012 0:00
213,201749478,Guy,Armstrong,Italy,male,28,5/21/2012 0:00
214,169251117,Guy,Phonely,United Kingdom,male,35,5/22/2011 0:00
215,145043367,,,United Kingdom,male,0,7/29/2011 0:00
216,358318691,Hallie,Redmond,United Kingdom,female,56,2/8/2011 0:00
217,189444590,Harold,Dahlen,United Kingdom,male,47,6/1/2011 0:00
218,117391857,Harold,Engle,United Kingdom,male,57,6/13/2011 0:00
219,313127247,Harold,Pawlan,United Kingdom,male,46,3/18/2011 0:00
220,192627928,Harold,Ryan,United Kingdom,male,54,7/27/2013 0:00
221,291929373,Harry,Greene,Spain,male,44,12/11/2011 0:00
222,282228549,Harry,Marie,United Kingdom,male,49,11/18/2011 0:00
223,311989379,Heather,Jas,United Kingdom,female,46,11/1/2012 0:00
224,177960647,Heather,Kirkland,United Kingdom,female,50,3/9/2011 0:00
225,280496443,Helen,Abelman,Spain,female,57,8/8/2013 0:00
226,310938438,Helen,Andreada,Spain,female,58,2/1/2011 0:00
227,388912025,Helen,Wasserman,United Kingdom,female,45,10/10/2011 0:00
228,271862272,,,United Kingdom,female,52,12/17/2012 0:00
229,186106952,Henry,Goldwyn,United Kingdom,male,41,8/21/2012 0:00
230,183264171,Henry,MacAllister,United Kingdom,male,41,1/5/2012 0:00
231,361109751,Herbert,Flentye,United Kingdom,male,45,1/18/2011 0:00
232,224892135,Hilary,Holden,United Kingdom,female,44,6/25/2011 0:00
233,216452462,Hunter,Glantz,United Kingdom,male,45,3/21/2011 0:00
234,187965224,Hunter,Lopez,United Kingdom,female,50,9/12/2011 0:00
235,216780580,Ionia,McGrath,Spain,female,55,1/21/2011 0:00
236,307615845,Irene,Maddox,United Kingdom,female,58,1/13/2013 0:00
237,267572035,Ivan,Gibson,United Kingdom,male,42,6/14/2012 0:00
238,293617307,Ivan,Liston,Sweden,male,47,11/8/2011 0:00
239,326224632,Jack,Garza,Sweden,male,58,6/13/2011 0:00
240,340939062,,,Netherlands,male,56,5/27/2011 0:00
241,363598097,,,United Kingdom,male,46,5/31/2011 0:00
242,335466712,James,Galang,United Kingdom,male,42,5/27/2012 0:00
243,319925671,James,Lanier,United Kingdom,male,45,1/1/2012 0:00
244,219553619,Jamie,Frazer,Italy,male,51,3/15/2011 0:00
245,264423361,Jamie,Kunitz,Italy,male,58,10/23/2012 0:00
246,312376913,Jane,Waco,Spain,female,53,2/27/2013 0:00
247,208587012,Janet,Lee,United Kingdom,female,54,3/4/2011 0:00
248,134045409,Janet,Martin,Italy,female,55,8/8/2011 0:00
249,371197196,Janet,Molinari,Spain,female,52,6/10/2011 0:00
250,331336861,Jas,O'Carroll,United Kingdom,male,45,11/23/2013 0:00
251,297961012,Jason,Fortune-,United Kingdom,male,56,7/30/2011 0:00
252,117879147,Jason,Gross,United Kingdom,male,42,6/30/2011 0:00
253,105142624,Jason,Klamczynski,Italy,male,43,10/14/2011 0:00
254,386752251,Jasper,Cacioppo,United Kingdom,male,45,9/15/2012 0:00
255,134794799,Jay,Fein,United Kingdom,male,39,4/30/2011 0:00
256,361156631,Jay,Kimmel,Spain,male,39,8/9/2012 0:00
257,153215137,Jenna,Caffey,United Kingdom,female,46,2/13/2012 0:00
258,271620602,Jennifer,Braxton,United Kingdom,female,48,5/19/2012 0:00
259,399667586,Jennifer,Ferguson,United Kingdom,female,48,8/12/2012 0:00
260,318034863,Jennifer,Halladay,Netherlands,female,45,8/6/2012 0:00
261,150127308,Jennifer,Jackson,United Kingdom,female,44,8/26/2011 0:00
262,215461176,Jennifer,Patt,United Kingdom,female,40,2/2/2011 0:00
263,255488248,Jeremy,Ellison,United Kingdom,male,42,6/6/2011 0:00
264,269869081,Jeremy,Farry,Sweden,male,42,2/20/2011 0:00
265,345447955,Jeremy,Lonsdale,Spain,male,55,8/8/2011 0:00
266,354131541,Jeremy,Pistek,United Kingdom,male,44,8/2/2011 0:00
267,224434798,Jessica,Myrick,Italy,female,50,2/6/2013 0:00
268,196157776,Jesus,Ocampo,United Kingdom,male,49,8/1/2011 0:00
269,321733558,Jill,Fjeld,United Kingdom,female,48,6/9/2011 0:00
270,273166929,Jill,Matthias,United Kingdom,female,39,1/22/2011 0:00
271,213427228,Jill,Stevenson,Germany,female,56,1/24/2013 0:00
272,235021040,Jim,Epp,Germany,male,49,10/2/2012 0:00
273,249124957,Jim,Karlsson,United Kingdom,male,50,8/24/2012 0:00
274,139731717,Jim,Kriz,Netherlands,male,58,9/30/2011 0:00
275,114319202,Jim,Mitchum,United Kingdom,male,56,4/24/2013 0:00
276,116156919,,,United Kingdom,male,43,11/16/2011 0:00
277,196847944,Jim,Sink,United Kingdom,male,57,6/4/2011 0:00
278,395499081,Jocasta,Rupert,Italy,female,46,5/19/2011 0:00
279,126740743,Joe,Elijah,United Kingdom,male,38,11/10/2011 0:00
280,269580259,Joe,Kamberova,United Kingdom,male,43,7/31/2012 0:00
281,281141514,Joel,Eaton,United Kingdom,male,42,12/29/2011 0:00
282,198219312,Joel,Jenkins,United Kingdom,male,56,9/24/2011 0:00
283,340490584,John,Castell,Netherlands,male,50,9/13/2011 0:00
284,269310194,John,Dryer,Germany,male,47,12/15/2011 0:00
285,106705145,John,Grady,United Kingdom,male,39,9/11/2012 0:00
286,394691064,John,Huston,United Kingdom,male,38,3/30/2011 0:00
287,111030961,John,Lee,Italy,male,56,8/8/2012 0:00
288,350992852,John,Lucas,United Kingdom,male,57,8/16/2012 0:00
289,220666896,John,Murray,United Kingdom,male,53,12/6/2011 0:00
290,111752991,John,Stevenson,Spain,male,51,9/3/2012 0:00
291,148340504,Jonathan,Doherty,Sweden,male,53,9/14/2011 0:00
292,242579924,Jonathan,Howell,United Kingdom,male,56,9/1/2011 0:00
293,346376811,Joni,Blumstein,Netherlands,female,41,9/16/2011 0:00
294,270157865,Joni,Sundaresam,Spain,female,55,1/18/2011 0:00
295,390383377,Joni,Wasserman,Sweden,male,48,2/21/2012 0:00
296,138567497,Joseph,Airdo,United Kingdom,male,41,6/21/2011 0:00
297,394214441,Joseph,Holt,Spain,male,39,6/15/2011 0:00
298,159198373,Joy,Bell-,United Kingdom,male,55,5/16/2011 0:00
299,190989064,Joy,Daniels,United Kingdom,male,48,6/14/2011 0:00
300,318559173,Joy,Smith,United Kingdom,male,40,4/21/2011 0:00
301,258915726,Julia,Barnett,United Kingdom,female,43,9/23/2011 0:00
302,243648042,Julia,Dunbar,Spain,female,45,2/9/2011 0:00
303,299655011,Julia,West,Spain,female,57,4/11/2011 0:00
304,316532274,Juliana,Krohn,Switzerland,female,45,9/10/2011 0:00
305,346573497,Julie,Creighton,United Kingdom,female,45,2/16/2011 0:00
306,111991006,Julie,Kriz,United Kingdom,female,40,12/15/2011 0:00
307,227118914,Julie,Prescott,United Kingdom,female,56,6/23/2011 0:00
308,187921892,Justin,Deggeller,United Kingdom,male,44,8/15/2012 0:00
309,334568424,Justin,Ellison,Norway,male,58,2/5/2012 0:00
310,362763957,Justin,Hirsh,United Kingdom,male,44,3/27/2011 0:00
311,148698516,Justin,MacKendrick,Spain,male,55,11/29/2011 0:00
312,263880693,Justin,Ritter,United Kingdom,male,49,5/3/2012 0:00
313,371146212,Kalyca,Meade,France,female,47,12/14/2012 0:00
314,340878664,Karen,Bern,United Kingdom,female,56,5/7/2011 0:00
315,334529693,Karen,Carlisle,Netherlands,female,38,12/10/2013 0:00
316,354533789,Karen,Daniels,United Kingdom,female,57,9/16/2011 0:00
317,194848229,Karen,Ferguson,United Kingdom,female,57,9/5/2013 0:00
318,340807770,Karen,Seio,United Kingdom,female,51,8/7/2011 0:00
319,168535379,Karl,Braun,United Kingdom,male,52,6/12/2011 0:00
320,365395090,Katharine,Harms,United Kingdom,female,42,1/21/2012 0:00
321,168092009,Katherine,Ducich,United Kingdom,female,50,12/9/2013 0:00
322,377849654,Katherine,Hughes,United Kingdom,female,55,1/6/2012 0:00
323,314270996,Katherine,Murray,Netherlands,female,44,5/18/2011 0:00
324,134836686,Katherine,Nockton,United Kingdom,female,38,12/24/2011 0:00
325,139209864,Katrina,Bavinger,United Kingdom,female,47,1/25/2012 0:00
326,368923190,Katrina,Edelman,Netherlands,female,57,8/13/2012 0:00
327,210303133,Katrina,Willman,United Kingdom,female,48,9/17/2011 0:00
328,290273406,Kean,Nguyen,United Kingdom,male,55,11/3/2011 0:00
329,192199856,Kean,Takahito,United Kingdom,unknown,47,2/8/2013 0:00
330,195427293,,,Portugal,male,47,7/19/2011 0:00
331,273334783,Keith,Dawkins,United Kingdom,male,41,3/20/2012 0:00
332,227148085,Keith,Herrera,United Kingdom,male,49,6/26/2011 0:00
333,264145292,Kelly,Andreada,Italy,female,41,3/9/2011 0:00
334,349596585,Kelly,Collister,United Kingdom,female,58,5/31/2012 0:00
335,126757916,,,United Kingdom,female,45,1/10/2012 0:00
336,155811361,Kelly,Williams,United Kingdom,female,55,5/14/2011 0:00
337,252213680,Ken,Black,Italy,male,52,6/22/2011 0:00
338,239847005,Ken,Brennan,Spain,male,40,5/5/2013 0:00
339,171964615,Ken,Dana,Italy,male,44,10/17/2011 0:00
340,341736896,Ken,Heidel,Italy,male,57,1/29/2011 0:00
341,304123420,Ken,Lonsdale,United Kingdom,male,42,2/2/2011 0:00
342,182860436,Khloe,Miller,Germany,female,57,7/29/2011 0:00
343,210537509,Kimberly,Carter,United Kingdom,female,40,5/17/2012 0:00
344,105204932,Kristen,Hastings,Sweden,female,44,5/5/2011 0:00
345,117400319,,,Spain,female,48,8/18/2011 0:00
346,193552596,Kunst,Miller,United Kingdom,female,55,11/27/2011 0:00
347,141909757,Larry,Blacks,United Kingdom,male,38,3/30/2011 0:00
348,219577709,Larry,Hughes,Germany,male,56,9/22/2013 0:00
349,340146349,Larry,Tron,United Kingdom,male,55,6/19/2012 0:00
350,247166706,Laura,Armstrong,Spain,female,46,5/30/2012 0:00
351,326467394,Laurel,Beltran,United Kingdom,female,41,10/25/2011 0:00
352,394133522,Laurel,Elliston,Spain,female,55,4/14/2011 0:00
353,314907005,Laurel,Workman,United Kingdom,female,41,11/4/2012 0:00
354,244318808,Lauren,Leatherbury,United Kingdom,female,52,6/25/2011 0:00
355,329774055,Lela,Donovan,Switzerland,female,47,8/22/2011 0:00
356,334771771,Lena,Cacioppo,Germany,female,56,6/13/2011 0:00
357,203041143,Lena,Creighton,Netherlands,female,53,9/25/2011 0:00
358,380285395,Lena,Hernandez,Italy,female,56,11/16/2013 0:00
359,241279712,,,Spain,female,54,8/5/2012 0:00
360,267424285,Linda,Cazamias,United Kingdom,female,39,8/26/2013 0:00
361,107499953,Linda,Southworth,United Kingdom,female,40,4/24/2011 0:00
362,264143540,Lindsay,Castell,Netherlands,female,38,5/8/2012 0:00
363,360523174,Lindsay,Shagiari,United Kingdom,female,42,6/15/2011 0:00
364,318404338,Lindsay,Williams,Italy,female,45,9/12/2011 0:00
365,368545678,Lisa,DeCherney,United Kingdom,female,46,6/23/2011 0:00
366,324025162,Lisa,Hazard,Netherlands,female,40,5/25/2011 0:00
367,289450565,Lisa,Ryan,Spain,female,41,11/28/2012 0:00
368,226676568,Liz,Carlisle,United Kingdom,female,47,5/20/2012 0:00
369,318504231,Liz,MacKendrick,France,female,38,12/4/2013 0:00
370,325225670,Liz,Pelletier,United Kingdom,female,50,2/7/2012 0:00
371,160520430,Liz,Preis,United Kingdom,female,45,12/28/2012 0:00
372,322512621,Liz,Thompson,Netherlands,female,51,6/1/2011 0:00
373,357859410,Liz,Willingham,United Kingdom,female,51,4/7/2011 0:00
374,259572697,Logan,Currie,United Kingdom,male,40,8/17/2011 0:00
375,121559183,Logan,Haushalter,Sweden,male,51,12/13/2011 0:00
376,155663222,Lori,Olson,United Kingdom,female,55,1/28/2011 0:00
377,183779369,Luke,Foster,United Kingdom,male,42,1/23/2012 0:00
378,390771897,Luke,Schmidt,Italy,male,49,9/6/2012 0:00
379,113814474,Luke,Weiss,Italy,male,38,3/8/2011 0:00
380,351609693,Lycoris,Saunders,United Kingdom,male,46,11/21/2011 0:00
381,358657213,Lynn,Smith,Spain,female,55,7/8/2013 0:00
382,388363742,,,Netherlands,female,53,4/1/2011 0:00
383,246829352,Marc,Crier,Germany,male,44,6/5/2011 0:00
384,399387082,Marc,Harrigan,Italy,male,41,1/21/2011 0:00
385,390879594,Maria,Bertelson,United Kingdom,female,57,7/3/2012 0:00
386,124832230,Maria,Etezadi,United Kingdom,female,51,6/13/2011 0:00
387,106418665,,,Spain,female,49,8/2/2012 0:00
388,387305438,Maribeth,Dona,United Kingdom,female,54,11/5/2013 0:00
389,348586288,Maribeth,Schnelling,Portugal,female,53,9/22/2012 0:00
390,134010162,Maribeth,Yedwab,Spain,female,47,5/27/2012 0:00
391,360208492,Marina,Lichtenstein,Spain,female,47,9/20/2011 0:00
392,194457575,,,Germany,female,41,8/3/2012 0:00
393,136662600,Mark,Cousins,Spain,male,46,9/26/2011 0:00
394,249937202,Mark,Haberlin,United Kingdom,male,58,12/10/2011 0:00
395,359098961,Mark,Hamilton,United Kingdom,male,55,10/31/2011 0:00
396,336927811,Mark,Packer,United Kingdom,male,38,7/6/2011 0:00
397,231514754,Mark,Van Huff,Spain,male,40,6/10/2012 0:00
398,144566156,Mary,O'Rourke,Spain,female,45,8/14/2013 0:00
399,284078970,,,Sweden,female,55,4/14/2011 0:00
400,310471835,MaryBeth,Skach,United Kingdom,female,58,7/27/2012 0:00
401,136709035,Mathew,Reese,Italy,male,51,7/28/2011 0:00
402,275765495,Matt,Abelman,Sweden,male,39,1/18/2011 0:00
403,197666331,Matt,Collins,United Kingdom,male,57,8/14/2011 0:00
404,319887770,Matt,Collister,United Kingdom,male,42,4/25/2011 0:00
405,193321689,Matt,Connell,Italy,male,53,12/26/2011 0:00
406,367532100,Matt,Hagelstein,Spain,male,54,5/16/2011 0:00
407,288777077,Matthew,Clasen,United Kingdom,male,58,3/14/2012 0:00
408,223308720,Matthew,Grinstein,United Kingdom,male,39,12/7/2011 0:00
409,263354472,Maureen,Fritzler,United Kingdom,female,38,3/9/2011 0:00
410,173354235,Maureen,Gastineau,Spain,female,54,11/30/2011 0:00
411,298871259,Maureen,Gnade,Spain,female,49,7/25/2011 0:00
412,190278985,Maurice,Satty,United Kingdom,male,38,9/22/2011 0:00
413,159942773,Max,Engle,Switzerland,male,57,4/6/2011 0:00
414,124341851,Max,Jones,United Kingdom,male,49,3/10/2014 0:00
415,388839222,Max,Ludwig,United Kingdom,male,49,2/3/2011 0:00
416,347357210,Maxwell,Schwartz,United Kingdom,male,48,11/25/2011 0:00
417,158619238,Maya,Herman,Netherlands,female,55,8/11/2011 0:00
418,270119056,Meg,Tillman,United Kingdom,female,50,7/1/2012 0:00
419,390148872,Melanie,Seite,United Kingdom,female,55,6/29/2011 0:00
420,257445985,Michael,Chen,Italy,male,42,1/5/2013 0:00
421,194689722,Michael,Dominguez,United Kingdom,male,45,1/18/2011 0:00
422,173827125,Michael,Grace,United Kingdom,male,40,6/4/2011 0:00
423,329955418,Michael,Granlund,United Kingdom,male,50,1/4/2011 0:00
424,163441331,Michael,Kennedy,United Kingdom,male,53,6/7/2011 0:00
425,252899945,,,United Kingdom,male,41,1/26/2011 0:00
426,195440094,Michael,Nguyen,United Kingdom,male,42,3/5/2012 0:00
427,335890689,Michael,Oakman,Sweden,male,54,8/17/2011 0:00
428,369321721,Michael,Paige,Spain,male,44,7/13/2012 0:00
429,177026813,Michael,Stewart,United Kingdom,male,52,8/24/2012 0:00
430,268555024,Michelle,Arnett,United Kingdom,female,58,8/3/2012 0:00
431,249341015,Michelle,Ellison,United Kingdom,female,39,2/8/2011 0:00
432,167083891,Michelle,Huthwaite,Portugal,female,43,4/14/2012 0:00
433,192978094,Michelle,Lonsdale,United Kingdom,female,41,5/9/2011 0:00
434,193847249,,,United Kingdom,female,51,5/9/2011 0:00
435,151806635,Michelle,Tran,United Kingdom,female,46,6/15/2012 0:00
436,243720444,Mick,Brown,United Kingdom,male,39,1/10/2011 0:00
437,181119494,Mick,Crebagga,Italy,male,46,4/28/2013 0:00
438,100963069,Mick,Hernandez,Italy,male,55,12/26/2011 0:00
439,342014639,Mike,Caudle,United Kingdom,male,41,5/30/2011 0:00
440,249766339,Mike,Gockenbach,United Kingdom,male,43,4/16/2012 0:00
441,258406787,Mike,Kennedy,United Kingdom,male,56,1/15/2013 0:00
442,190719445,Mike,Pelletier,Spain,male,49,5/12/2011 0:00
443,352344394,Mike,Vittorini,United Kingdom,male,58,5/9/2012 0:00
444,308260991,Mitch,Gastineau,United Kingdom,male,54,4/18/2012 0:00
445,106078219,Mitch,Webber,United Kingdom,male,53,11/26/2012 0:00
446,108097303,Mitch,Willingham,Sweden,male,56,8/8/2011 0:00
447,236511495,Monica,Federle,United Kingdom,female,51,5/31/2011 0:00
448,120361493,Muhammed,Lee,United Kingdom,male,52,6/6/2011 0:00
449,101084423,Muhammed,MacIntyre,Spain,male,54,5/3/2011 0:00
450,114307917,Muhammed,Yedwab,Sweden,male,49,9/7/2011 0:00
451,234465502,Nancy,Lomonaco,United Kingdom,female,48,7/31/2011 0:00
452,157937763,Naresj,Patel,Netherlands,male,57,2/27/2012 0:00
453,130321631,Nat,Carroll,Germany,male,48,11/21/2011 0:00
454,323478067,Nat,Gilpin,Netherlands,male,50,2/9/2011 0:00
455,217720869,Natalie,DeCherney,United Kingdom,female,54,2/12/2012 0:00
456,278316966,Natalie,Fritzler,United Kingdom,female,51,6/13/2011 0:00
457,398734143,Natalie,Webber,United Kingdom,female,55,6/16/2012 0:00
458,102197814,Nathan,Cano,Germany,male,51,6/7/2011 0:00
459,385691137,Nathan,Gelder,United Kingdom,male,55,6/8/2012 0:00
460,104400683,Nathan,Mautz,United Kingdom,male,48,6/1/2013 0:00
461,271852304,Neil,Ducich,Spain,male,56,9/26/2011 0:00
462,385738730,Neil,Franz?sisch,United Kingdom,male,53,6/25/2012 0:00
463,146408406,Neil,Knudson,United Kingdom,male,55,6/7/2011 0:00
464,154606599,Neola,Schneider,United Kingdom,female,48,9/13/2012 0:00
465,330554267,Neoma,Murray,Spain,female,55,12/26/2012 0:00
466,227733878,Nick,Crebassa,United Kingdom,male,50,9/20/2011 0:00
467,392073829,,,United Kingdom,male,58,8/16/2011 0:00
468,152676622,Nick,Zandusky,United Kingdom,male,57,7/20/2011 0:00
469,134834236,Nicole,Brennan,United Kingdom,female,48,1/20/2012 0:00
470,381402546,Nicole,Fjeld,United Kingdom,female,52,2/21/2012 0:00
471,326564190,Nicole,Hansen,Germany,female,58,6/1/2011 0:00
472,348412526,Noah,Childs,United Kingdom,male,58,4/27/2011 0:00
473,323001866,Noel,Staavos,United Kingdom,male,52,2/7/2012 0:00
474,188052550,Nona,Balk,Spain,female,54,10/11/2011 0:00
475,383350420,Nora,Paige,United Kingdom,female,55,4/12/2012 0:00
476,299676766,Nora,Pelletier,United Kingdom,female,49,3/9/2013 0:00
477,359524304,Nora,Preis,Spain,female,58,11/24/2011 0:00
478,286070375,Odella,Nelson,United Kingdom,female,57,2/15/2011 0:00
479,169520111,Olvera,Toch,United Kingdom,female,52,7/23/2012 0:00
480,307522184,Pamela,Coakley,Spain,female,53,5/17/2011 0:00
481,110831104,Pamela,Stobb,United Kingdom,female,56,7/14/2011 0:00
482,149211877,Parhena,Norris,Spain,female,57,8/31/2011 0:00
483,183332973,Patricia,Hirasaki,France,female,48,10/23/2012 0:00
484,357055921,Patrick,Bzostek,Spain,male,50,12/6/2011 0:00
485,328716232,Patrick,Gardner,Germany,male,48,12/6/2011 0:00
486,197411057,Patrick,Jones,Italy,male,54,2/23/2013 0:00
487,158445907,,,United Kingdom,male,55,1/26/2011 0:00
488,198310908,Patrick,O'Donnell,United Kingdom,male,54,3/10/2011 0:00
489,135711930,Patrick,Ryan,United Kingdom,male,54,11/2/2011 0:00
490,364543998,Paul,Gonzalez,United Kingdom,male,50,2/22/2011 0:00
491,124405359,Paul,Knutson,Germany,male,48,8/10/2011 0:00
492,278631174,Paul,Lucas,United Kingdom,male,54,2/9/2011 0:00
493,399436077,Paul,MacIntyre,United Kingdom,male,55,8/24/2011 0:00
494,175792701,Paul,Prost,Italy,male,53,8/17/2011 0:00
495,320695544,Paul,Stevenson,United Kingdom,male,52,1/21/2011 0:00
496,183861171,Paul,Van Hugh,United Kingdom,male,52,10/10/2011 0:00
497,138369901,Pauline,Chand,Italy,female,56,8/24/2011 0:00
498,244113076,Pauline,Johnson,United Kingdom,female,54,12/15/2011 0:00
499,106332768,Pauline,Webber,United Kingdom,female,56,7/14/2011 0:00
500,224886797,Penelope,Sewall,Austria,female,52,6/27/2013 0:00
501,161974266,Pete,Armstrong,United Kingdom,male,54,2/24/2013 0:00
502,119232750,Pete,Kriz,United Kingdom,male,58,6/11/2012 0:00
503,115264656,Pete,Takahito,United Kingdom,male,55,3/22/2012 0:00
504,389175241,Peter,B?hler,United Kingdom,male,52,1/12/2011 0:00
505,159098693,Peter,Fuller,Sweden,male,49,5/8/2011 0:00
506,145670004,Peter,McVee,United Kingdom,male,53,12/29/2011 0:00
507,243709265,Philip,Brown,United Kingdom,male,56,4/8/2012 0:00
508,388153674,Philip,Fox,United Kingdom,male,51,12/5/2011 0:00
509,333067008,Philisse,Overcash,Netherlands,male,51,11/6/2012 0:00
510,332129109,Phillina,Ober,Sweden,female,49,8/6/2012 0:00
511,165258533,Phillip,Breyer,United Kingdom,male,57,4/25/2011 0:00
512,290578143,Phillip,Flathmann,United Kingdom,unknown,53,10/30/2011 0:00
513,252629180,Pierre,Wener,United Kingdom,male,54,3/9/2012 0:00
514,237291549,Quincy,Jones,Italy,male,57,11/9/2012 0:00
515,286518353,Rachel,Payne,United Kingdom,female,48,11/15/2011 0:00
516,353020570,Ralph,Arnett,Spain,male,48,1/5/2012 0:00
517,177715558,Ralph,Kennedy,Italy,male,51,7/17/2012 0:00
518,207932082,Ralph,Ritter,Spain,male,53,1/31/2011 0:00
519,146954833,Randy,Bradley,United Kingdom,male,57,6/13/2011 0:00
520,211346786,Randy,Ferguson,Spain,male,54,8/2/2013 0:00
521,164793357,Raymond,Buch,United Kingdom,male,53,12/20/2011 0:00
522,335079365,Raymond,Messe,United Kingdom,male,54,4/25/2011 0:00
523,241786507,Resi,P?lking,United Kingdom,male,56,6/27/2011 0:00
524,128579400,Ricardo,Emerson,United Kingdom,male,55,3/14/2011 0:00
525,175449852,Ricardo,Sperren,United Kingdom,male,56,7/7/2011 0:00
526,146502776,Richard,Bierner,United Kingdom,male,52,1/17/2011 0:00
527,356241262,Richard,Eichhorn,Portugal,male,50,11/6/2011 0:00
528,256853514,Rick,Bensley,United Kingdom,male,53,10/30/2011 0:00
529,244172046,Rick,Duston,United Kingdom,male,48,12/30/2011 0:00
530,257238317,Rick,Hansen,Spain,male,53,11/30/2011 0:00
531,339749929,Rick,Huthwaite,United Kingdom,male,54,6/6/2011 0:00
532,373479858,Rick,Reed,United Kingdom,male,49,8/18/2011 0:00
533,288269508,Rick,Wilson,United Kingdom,male,,9/11/2011 0:00
534,329067771,Ritsa,Hightower,United Kingdom,female,49,10/20/2012 0:00
535,204025256,Rob,Beeghly,United Kingdom,male,54,11/27/2011 0:00
536,161953119,Rob,Dowd,United Kingdom,male,56,11/3/2011 0:00
537,387463683,Rob,Haberlin,Ireland,male,53,4/3/2012 0:00
538,259964098,Rob,Lucas,United Kingdom,male,57,9/8/2012 0:00
539,284782123,Rob,Williams,Spain,male,53,9/11/2011 0:00
540,305058300,Robert,Barroso,Ireland,male,49,8/29/2012 0:00
541,236254294,Robert,Dilbeck,United Kingdom,male,55,1/4/2013 0:00
542,320150116,Robert,Marley,United Kingdom,male,56,12/1/2011 0:00
543,218742138,Robert,Waldorf,United Kingdom,male,53,3/14/2012 0:00
544,316485490,Roger,Barcio,Spain,male,56,10/18/2012 0:00
545,248041111,Roger,Demir,Sweden,male,54,10/21/2011 0:00
546,235946337,Roland,Fjeld,France,male,58,6/2/2014 0:00
547,273601385,Roland,Murray,Italy,male,56,10/18/2011 0:00
548,234548761,Roland,Schwarz,United Kingdom,male,49,12/20/2011 0:00
549,377267883,,,United Kingdom,female,53,5/6/2011 0:00
550,321490537,Ross,Baird,United Kingdom,male,57,3/8/2013 0:00
551,228244100,Ross,DeVincentis,Spain,male,50,6/8/2011 0:00
552,316939379,Roy,Collins,United Kingdom,male,52,1/11/2011 0:00
553,266330862,Roy,Franz?sisch,United Kingdom,male,56,4/27/2011 0:00
554,105592158,Roy,Phan,United Kingdom,male,53,1/11/2011 0:00
555,364591570,,,United Kingdom,male,57,10/19/2011 0:00
556,201777855,Ruben,Ausman,United Kingdom,male,49,6/27/2011 0:00
557,100269619,Ruben,Dartt,Italy,male,50,8/20/2013 0:00
558,308562692,Russell,Applegate,Spain,male,53,6/9/2011 0:00
559,135317884,Russell,D'Ascenzo,Switzerland,male,53,4/28/2011 0:00
560,362316298,Ryan,Akin,Italy,male,52,1/31/2012 0:00
561,204521854,Ryan,Crowe,United Kingdom,male,53,1/20/2011 0:00
562,221789222,,,Germany,female,50,6/8/2011 0:00
563,188129771,Sally,Knutson,Germany,female,52,7/16/2012 0:00
564,222337729,Sally,Matthias,United Kingdom,female,53,6/13/2011 0:00
565,336699430,Sam,Craven,United Kingdom,female,49,9/28/2011 0:00
566,308533626,,,France,male,56,8/27/2014 0:00
567,385474205,Sample,Company A,United Kingdom,male,56,6/4/2013 0:00
568,248882043,Sandra,Flanagan,United Kingdom,female,51,10/18/2011 0:00
569,105918623,Sandra,Glassco,Spain,female,52,2/1/2013 0:00
570,382312180,Sanjit,Chand,United Kingdom,male,56,12/12/2011 0:00
571,289379348,Sanjit,Engle,United Kingdom,male,55,8/26/2011 0:00
572,216604458,Sanjit,Jacobs,United Kingdom,male,49,9/27/2012 0:00
573,230469204,Saphhira,Shifley,Portugal,male,51,4/28/2011 0:00
574,196556414,Sara,Luxemburg,United Kingdom,female,57,12/1/2011 0:00
575,242391700,Sarah,Bern,Netherlands,female,56,12/28/2014 0:00
576,365349086,Sarah,Brown,United Kingdom,unknown,52,6/5/2011 0:00
577,279257109,Sarah,Foster,United Kingdom,female,54,5/4/2011 0:00
578,131720854,Sarah,Jordon,Switzerland,female,49,2/21/2011 0:00
579,253854487,Scot,Coram,United Kingdom,male,50,1/22/2012 0:00
580,304746804,Scot,Wooten,United Kingdom,male,49,4/14/2011 0:00
581,201452254,Scott,Cohen,United Kingdom,male,52,3/27/2011 0:00
582,183807820,Scott,Williamson,Italy,male,53,4/20/2011 0:00
583,163346530,Sean,Braxton,Italy,male,57,9/5/2013 0:00
584,249747584,Sean,Christensen,United Kingdom,male,57,6/10/2012 0:00
585,165138222,Sean,Miller,Sweden,male,48,4/7/2013 0:00
586,161859025,Sean,O'Donnell,United Kingdom,male,58,5/17/2011 0:00
587,303622183,Sean,Wendt,United Kingdom,male,56,3/28/2011 0:00
588,167731785,Seth,Vernon,France,male,50,6/8/2013 0:00
589,194251595,Shahid,Collister,United Kingdom,male,58,8/26/2011 0:00
590,107089174,Shahid,Hopkins,Netherlands,male,58,5/26/2011 0:00
591,268736417,Shahid,Shariari,Switzerland,male,58,6/12/2013 0:00
592,129054933,Sharelle,Roach,United Kingdom,female,51,1/14/2011 0:00
593,248092219,Shaun,Chance,United Kingdom,male,50,6/28/2011 0:00
594,369023914,Shaun,Weien,United Kingdom,male,56,2/7/2011 0:00
595,163451480,Sheri,Gordon,Spain,female,51,3/11/2011 0:00
596,223083438,Shirley,Daniels,Italy,female,51,1/17/2011 0:00
597,224729990,Shirley,Jackson,Portugal,female,48,1/23/2011 0:00
598,274214824,Shirley,Schmidt,Netherlands,female,56,11/21/2011 0:00
599,107745157,Shui,Tom,United Kingdom,female,52,3/26/2012 0:00
600,101765556,Sibella,Parks,Italy,female,51,12/26/2011 0:00
601,314403936,Skye,Norling,United Kingdom,female,48,3/18/2011 0:00
602,345994702,Sonia,Cooley,United Kingdom,female,52,9/20/2011 0:00
603,350948160,Sonia,Sunley,Ireland,female,52,9/22/2011 0:00
604,279112751,Speros,Goranitis,Spain,female,51,4/29/2011 0:00
605,271956133,Stefania,Perrino,United Kingdom,female,48,5/31/2012 0:00
606,390610906,Stefanie,Holloman,United Kingdom,female,49,4/19/2012 0:00
607,237529839,Stephanie,Phelps,United Kingdom,female,57,5/23/2014 0:00
608,323592020,Stephanie,Ulpright,Netherlands,female,58,9/9/2013 0:00
609,107273937,Steve,Carroll,Netherlands,male,55,6/26/2011 0:00
610,181253666,Steve,Chapman,United Kingdom,male,52,5/4/2011 0:00
611,143533980,Steve,Nguyen,United Kingdom,male,54,8/27/2012 0:00
612,337623249,Steven,Cartwright,United Kingdom,male,52,11/29/2011 0:00
613,254808758,Steven,Roelle,United Kingdom,male,58,7/18/2011 0:00
614,158106730,Steven,Ward,United Kingdom,male,53,6/1/2011 0:00
615,324054396,Stewart,Carmichael,United Kingdom,male,51,6/22/2011 0:00
616,213889163,Stewart,Visinsky,United Kingdom,male,48,6/16/2013 0:00
617,139007107,Stuart,Calhoun,Switzerland,male,53,1/13/2011 0:00
618,325071095,Stuart,Van,United Kingdom,male,48,11/22/2012 0:00
619,230180491,Sue,Ann Reed,United Kingdom,female,58,3/31/2011 0:00
620,372116813,Sung,Chung,Italy,female,58,6/10/2011 0:00
621,137840825,Sung,Pak,United Kingdom,male,52,6/25/2011 0:00
622,328919241,Sung,Shariari,Spain,male,52,8/10/2012 0:00
623,232258993,Susan,Gilcrest,United Kingdom,female,50,10/23/2012 0:00
624,184971627,Susan,MacKendrick,Germany,female,56,2/7/2011 0:00
625,162615482,Susan,Pistek,United Kingdom,female,51,11/10/2011 0:00
626,120985668,Susan,Vittorini,United Kingdom,female,56,11/14/2011 0:00
627,241909837,Suzanne,McNair,United Kingdom,female,54,6/19/2011 0:00
628,239685908,Sylvia,Foulston,United Kingdom,female,50,3/2/2012 0:00
629,326516693,Tamara,Chand,United Kingdom,female,50,2/7/2012 0:00
630,297095758,Tamara,Dahlen,Spain,female,57,7/1/2011 0:00
631,174510965,Tamara,Manning,Switzerland,female,49,8/20/2011 0:00
632,338059062,Tamara,Willingham,United Kingdom,female,56,3/23/2011 0:00
633,140059385,Tanja,Norvell,United Kingdom,female,51,2/9/2012 0:00
634,221283587,Ted,Butterfield,United Kingdom,male,0,4/18/2011 0:00
635,386098256,Ted,Trevino,United Kingdom,male,51,4/25/2011 0:00
636,350924633,Thais,Sissman,Spain,male,51,4/28/2012 0:00
637,248543695,Thea,Hendricks,Switzerland,female,50,3/25/2011 0:00
638,283413734,Thea,Hudgings,France,female,54,6/4/2013 0:00
639,379229582,Theone,Pippenger,United Kingdom,female,49,1/4/2012 0:00
640,230075300,Theresa,Coyne,Switzerland,female,55,11/19/2012 0:00
641,345721127,Theresa,Swint,Spain,female,57,6/14/2011 0:00
642,174463336,Thomas,Boland,United Kingdom,male,49,8/25/2011 0:00
643,263862677,Thomas,Brumley,United Kingdom,male,54,3/25/2011 0:00
644,346657551,Thomas,Seio,United Kingdom,male,56,8/25/2011 0:00
645,272070547,,,Spain,male,55,9/18/2011 0:00
646,334707196,Tiffany,House,Switzerland,female,49,7/20/2011 0:00
647,269572786,Tim,Brockman,Spain,male,53,8/25/2011 0:00
648,304366203,Tim,Taslimi,United Kingdom,male,55,9/10/2013 0:00
649,351403245,Toby,Braunhardt,United Kingdom,male,56,12/12/2011 0:00
650,307140322,Toby,Carlisle,United Kingdom,male,53,5/30/2011 0:00
651,246644638,Toby,Gnade,United Kingdom,male,53,8/4/2011 0:00
652,390224741,Toby,Ritter,United Kingdom,female,51,6/28/2012 0:00
653,269449328,Toby,Swindell,United Kingdom,male,57,3/6/2011 0:00
654,123073521,Todd,Boyes,United Kingdom,male,50,6/10/2011 0:00
655,169736756,Todd,Sumrall,United Kingdom,male,54,2/28/2011 0:00
656,341392823,Tom,Ashbrook,Spain,male,57,8/13/2012 0:00
657,230015295,Tom,Boeckenhauer,United Kingdom,male,51,3/1/2011 0:00
658,381462728,Tom,Prescott,United Kingdom,male,56,9/3/2014 0:00
659,261476957,Tom,Stivers,Spain,male,48,4/17/2011 0:00
660,272935647,Tom,Zandusky,United Kingdom,male,51,8/8/2013 0:00
661,298905640,Tonja,Turnell,United Kingdom,female,49,3/9/2011 0:00
662,392944195,Tony,Chapman,Spain,male,54,11/16/2011 0:00
663,273253676,Tony,Molinari,United Kingdom,male,49,8/15/2012 0:00
664,192295509,Tony,Sayre,Switzerland,male,56,6/23/2012 0:00
665,244767084,Tracy,Blumstein,United Kingdom,female,49,5/7/2011 0:00
666,278489560,Tracy,Collins,Spain,female,49,10/17/2012 0:00
667,366665606,Tracy,Hopkins,Italy,female,52,8/13/2012 0:00
668,132131479,Tracy,Poddar,Switzerland,female,55,2/14/2011 0:00
669,398263425,,,United Kingdom,female,55,5/31/2012 0:00
670,258488953,Troy,Blackwell,Spain,male,53,11/21/2011 0:00
671,306398665,Troy,Staebel,United Kingdom,male,54,1/18/2012 0:00
672,122191198,Trudy,Brown,Sweden,female,50,11/24/2011 0:00
673,116028224,Trudy,Glocke,United Kingdom,female,56,10/31/2011 0:00
674,280365280,Trudy,Schmidt,United Kingdom,female,48,9/2/2011 0:00
675,389518861,Valerie,Dominguez,United Kingdom,female,52,8/12/2013 0:00
676,129115307,Valerie,Mitchum,Netherlands,female,50,3/13/2013 0:00
677,229774511,Valerie,Takahito,Spain,female,54,6/6/2011 0:00
678,309449977,Vicky,Freymann,Spain,female,52,4/6/2013 0:00
679,219952605,Victor,Preis,United Kingdom,male,56,8/8/2011 0:00
680,141451747,Victoria,Brennan,United Kingdom,female,51,11/29/2011 0:00
681,240550294,Victoria,Pisteka,United Kingdom,female,53,6/21/2012 0:00
682,250553319,Victoria,Wilson,Spain,female,50,8/26/2011 0:00
683,154863199,Vivek,Gonzalez,Norway,male,52,4/11/2013 0:00
684,135896864,Vivek,Grady,Netherlands,male,50,6/16/2011 0:00
685,201398143,Vivek,Sundaresam,Germany,male,56,10/10/2011 0:00
686,170318248,Vivian,Mathis,United Kingdom,female,,12/7/2011 0:00
687,268746534,William,Brown,United Kingdom,male,51,5/16/2011 0:00
688,250075723,Xylona,Preis,Italy,female,52,4/27/2013 0:00
689,142739362,Yana,Sorensen,Germany,female,56,10/21/2011 0:00
690,374315300,Yoseph,Carroll,United Kingdom,male,55,3/16/2011 0:00
691,232501295,Zuschuss,Carroll,United Kingdom,male,52,9/22/2011 0:00
692,226558292,Zuschuss,Donatelli,Norway,male,49,2/20/2011 0:00
